{"stats":{"minecraft:picked_up":{"minecraft:lever":1,"minecraft:redstone_torch":1},"minecraft:dropped":{"minecraft:redstone_torch":2,"minecraft:lever":1,"minecraft:black_concrete":1,"minecraft:redstone":2},"minecraft:custom":{"minecraft:time_since_rest":6898211,"minecraft:open_chest":1,"minecraft:crouch_one_cm":3097,"minecraft:play_time":6898211,"minecraft:sprint_one_cm":136,"minecraft:walk_one_cm":51402,"minecraft:sneak_time":429042,"minecraft:drop":6,"minecraft:jump":264,"minecraft:leave_game":10,"minecraft:time_since_death":6898211,"minecraft:total_world_time":29200045,"minecraft:fly_one_cm":12952210},"minecraft:used":{"minecraft:yellow_wool":178,"minecraft:lever":24,"minecraft:black_concrete":6,"minecraft:redstone_lamp":20,"minecraft:target":28,"minecraft:black_stained_glass":2,"minecraft:stripped_jungle_log":81,"minecraft:red_wool":168,"minecraft:light_blue_wool":6,"minecraft:stone_button":1,"minecraft:note_block":1,"minecraft:white_concrete":73,"minecraft:soul_torch":1,"minecraft:redstone_torch":9}},"DataVersion":3700}