{"stats":{"minecraft:custom":{"minecraft:time_since_rest":6063380,"minecraft:open_chest":1,"minecraft:crouch_one_cm":3097,"minecraft:play_time":6063380,"minecraft:sprint_one_cm":136,"minecraft:walk_one_cm":51364,"minecraft:sneak_time":387629,"minecraft:drop":4,"minecraft:jump":258,"minecraft:leave_game":9,"minecraft:time_since_death":6063380,"minecraft:total_world_time":28286912,"minecraft:fly_one_cm":11375032},"minecraft:used":{"minecraft:yellow_wool":178,"minecraft:lever":24,"minecraft:redstone_lamp":20,"minecraft:target":28,"minecraft:black_stained_glass":2,"minecraft:stripped_jungle_log":81,"minecraft:red_wool":168,"minecraft:light_blue_wool":6,"minecraft:note_block":1,"minecraft:white_concrete":73,"minecraft:soul_torch":1,"minecraft:redstone_torch":3},"minecraft:picked_up":{"minecraft:lever":1,"minecraft:redstone_torch":1},"minecraft:dropped":{"minecraft:redstone_torch":2,"minecraft:lever":1,"minecraft:black_concrete":1}},"DataVersion":3700}